<!DOCTYPE ui:UiBinder SYSTEM "http://dl.google.com/gwt/DTD/xhtml.ent">
<ui:UiBinder xmlns:ui="urn:ui:com.google.gwt.uibinder"
	xmlns:g="urn:import:com.google.gwt.user.client.ui" xmlns:cv="urn:import:com.google.gwt.user.cellview.client"
	xmlns:todo="urn:import:com.todo.client">
	<g:HTMLPanel>
		<div id="todoapp">
			<header>
				<h1>Todos</h1>
				<todo:TextBoxWithPlaceholder
					placeholder="What needs to be done?" ui:field="taskText">
				</todo:TextBoxWithPlaceholder>
			</header>

			<section ui:field="mainSection">
				<g:CheckBox ui:field="toggleAllCheckBox">Mark all as complete</g:CheckBox>
				<div id="todo-list">
					<cv:CellList ui:field="todoTable"></cv:CellList>
				</div>
			</section>

			<footer ui:field="todoStatsContainer">
				<g:Anchor href="#" ui:field="clearCompleted">
					Clear
					<span class="number-done" ui:field="clearTasksCount"></span>
					completed
					<span class="word-done" ui:field="clearTasksLabel"></span>
				</g:Anchor>
				<div id="todo-count">
					<span class="number" ui:field="remainingTasksCount"></span>
					<span class="word" ui:field="remainingTasksLabel"></span>
					left.
				</div>
			</footer>
		</div>

		<div id="instructions">
			Double-click to edit a todo.
		</div>

		<div id="credits">
			Created by
			<br />
			<a href="http://jgn.me/">Jérôme Gravel-Niquet</a>
			<br />
			Modified to use
			<a href="http://code.google.com/webtoolkit/">Google Web Toolkit</a>
			by
			<a href="http://www.scottlogic.co.uk/blog/colin/">Colin Eberhardt</a>
		</div>
	</g:HTMLPanel>
</ui:UiBinder>
